,Series_description,Phase
1454,cor4/4<MPR Thick Range>,Unknown
1455,Topogram,Unknown
1460,Topogram  0.6  T20s,Unknown
1461,Tho  Thorax lever  5.0  B31f,Unknown
1462,Abdomen   5.0  B31f,Unknown
1463,Lun  Thorax lever  5.0  B70f,Unknown
1464,Thorax lever  2.0  B31f,Unknown
1465,Thorax lever  1.0  B60f LCAD,Unknown
1466,MPR Thorax lever  3.0  MPR  sag,Unknown
1467,MPR Thorax lever  3.0  MPR  cor,Unknown
1468,Topogram  1.0  T20s,Unknown
1469,3F Lever zk  5.0  B31f,Unknown
1474,Body 3.0,Unknown
1475,Sft Tissue 3.0 VISIPAQUE/320 90CC CE,Unknown
1476,Sft Tissue 3.0 Coronal,Unknown
1477,Sft Tissue 3.0 VISIPAQUE/320 90CC CE,Unknown
1478,Sft Tissue 3.0 Sagittal,Unknown
1479,Sft Tissue 3.0 VISIPAQUE/320 90CC CE,Unknown
1480,Sft Tissue 3.0 VISIPAQUE/320 90CC/Coronal CE,Unknown
1481,Sft Tissue 3.0 VISIPAQUE/320 90CC CE,Unknown
1482,Sft Tissue 3.0 VISIPAQUE/320 90CC CE,Unknown
1483,Sft Tissue 3.0 VISIPAQUE/320 90CC/Sagittal CE,Unknown
1484,Sft Tissue 3.0 VISIPAQUE/320 90CC/Coronal CE,Unknown
1485,Sft Tissue 3.0 VISIPAQUE/320 90CC/Sagittal CE,Unknown
1486,Sft Tissue 3.0 VISIPAQUE/320 90CC CE,Unknown
1487,Sft Tissue 3.0 VISIPAQUE/320 90CC/Coronal CE,Unknown
1488,Sft Tissue 3.0 VISIPAQUE/320 90CC/Sagittal CE,Unknown
1489,Topogram  0.6  T20s,Unknown
1500,Laat Sft Tissue 3.0 CE,Unknown
1503,Laat Sft Tissue 3.0 CE,Unknown
1504,Laat Sft Tissue 3.0 CE,Unknown
1505,Topogram  0.6  T20s,Unknown
1509,ABD. Portaal  3.0  B31s,Unknown
1510,ABD. Portaal  3.0  SPO  COR,Unknown
1511,LEVER 3min  3.0  B31s,Unknown
1512,LEVER 3min  3.0  SPO  COR,Unknown
1514,Topogram,Unknown
1515,Th. Abd. alg. 5.0 B30f,Unknown
1516,Th. Abd. alg. 5.0 B70f,Unknown
1517,cor MPR Range,Unknown
1518,cor 2 MPR Range,Unknown
1519,SURVIEW,Unknown
1520,THO/ABD 70SEC PI,Unknown
1521,"MPR, COR 5/5, Coronal",Unknown
1522,"MPR, LONG AX 2/2, Axial",Unknown
1523,Scout,Unknown
1524,$thorax-abdomen,Unknown
1525,"weke delen 2,5mm",Unknown
1526,long 2.5mm,Unknown
1527,CT Chest1 Cor 3 Avg,Unknown
1528,Sag 3mm thorax,Unknown
1529,CT Abdomen1 Cor 3 Avg,Unknown
1530,Sag 3 mm,Unknown
1531,,Unknown
1532,,Unknown
1533,,Unknown
1534,,Unknown
1535,,Unknown
1536,Topogram  0.6  T20s,Unknown
1537,ONCO Th/Abd.  3.0  B31f,Unknown
1538,ONCO Th/Abd.  3.0  B70f,Unknown
1539,ONCO Th/Abd.  1.5  B70f,Unknown
1540,ONCO Th/Abd.  3.0  SPO  cor,Unknown
1541,ONCO Th/Abd.  3.0  SPO  sag,Unknown
1542,Topogram  0.6  T20s,Unknown
1543,ONCO Th/Abd.  3.0  B31f,Unknown
1544,ONCO Th/Abd.  3.0  B70f,Unknown
1545,ONCO Th/Abd.  1.5  B70f,Unknown
1546,ONCO Th/Abd.  3.0  SPO  cor,Unknown
1547,ONCO Th/Abd.  3.0  SPO  sag,Unknown
1548,Scanogram,Unknown
1549,Abd 5.0 mm,Unknown
1550,"MPR, Cor 3 mm, Coronal",Unknown
1551,"MPR, Sag 5mm, Sagittal",Unknown
1552,Lever 300 sec  2.0  B31f,Unknown
1553,Topogram  0.6  T20s,Unknown
1554,ONCO Th/Abd.  5.0  B31f,Unknown
1555,ONCO Th/Abd.  5.0  B70f,Unknown
1556,Topogram  0.6  T20s,Unknown
1557,Abd algemeen  5.0  B31f,Unknown
1558,2,Unknown
1559,Body 5.0,Unknown
1560,Body 4.0 CE,Unknown
1561,3.0 CE,Unknown
1562,5.0 CE,Unknown
1563,Body 3.0 CE,Unknown
1564,Body 3.0 CE,Unknown
1565,Body 5.0 CE,Unknown
1566,Body 5.0 CE,Unknown
1567,Topogram  1.0  T20s,Unknown
1568,th.tum-abd alg.  5.0  B31f,Unknown
1569,th.tum-abd alg.  5.0  B70f,Unknown
1570,th.tum-abd alg.  2.0  B31f,Unknown
1571,Topogram,Unknown
1572,Th. tumor 5.0 B30f,Unknown
1573,Th. tumor 5.0 B70f,Unknown
1574,Topogram  1.0  T20s,Unknown
1575,Abd agemeen  5.0  B31f,Unknown
1576,,Unknown
1577,,Unknown
1578,,Unknown
1579,,Unknown
1580,,Unknown
1581,,Unknown
1582,SURVIEW,Unknown
1583,V65 3 MM,Unknown
1584,THORAX 3 MM,Unknown
1585,MPR BODY V 3MM COR,Unknown
1586,MPR BODY V 3MM SAG,Unknown
1587,Topogram,Unknown
1588,Thx contrast 4.0 B40f,Unknown
1589,Abd contrast 4.0 B30f,Unknown
1590,Topogram,Unknown
1591,C+rectaal Body 5.0 CE +C 60s C+rectaal  Axial,Unknown
1592,+C Body 3.0 CE +C 60s/Coronal C+rectaal  Coronal,Unknown
1593,Topogram,Unknown
1597,Topogram  0.6  T20s,Unknown
1598,ONCO ThAbd  3.0  B31f,Unknown
1599,ONCO ThAbd  3.0  B70f,Unknown
1600,ONCO ThAbd  1.5  B70f,Unknown
1601,ONCO ThAbd  3.0  SPO  cor  cor,Unknown
1602,ONCO ThAbd  3.0  SPO  sag  sag,Unknown
1603,Topogram,Unknown
1604,Topogram,Unknown
1610,2,Unknown
1611,5.0 CE Venous/Phase  Body,PVP
1612,5.0 CE Venous/Phase  Lung,PVP
1613,5.0 CE Venous/Phase/Coronal Coronal Body,PVP
1614,5.0 CE Venous/Phase/Sagittal Sagittal Body,PVP
1615,,Unknown
1616,ABD. 5MM,Unknown
1617,"MPR, COR 5/5, Coronal",Unknown
1618,Topogram  0.6  T20s,Unknown
1619,ONCO Th/Abd.  3.0  B31f,Unknown
1620,ONCO Th/Abd.  3.0  B70f,Unknown
1621,ONCO Th/Abd.  1.5  B70f,Unknown
1622,,Unknown
1623,,Unknown
1624,,Unknown
1625,,Unknown
1626,,Unknown
1627,,Unknown
1628,,Unknown
1629,,Unknown
1630,Topogram  1.0  T20s,Unknown
1631,Abd Algemeen  5.0  B31f,Unknown
1632,Abd Algemeen  2.0  B31f,Unknown
1633,Abd Algemeen  2.0  B31f,Unknown
1634,mpr cor,Unknown
1635,mpr sag,Unknown
1636,Topogram  0.6  T20s,Unknown
1637,ONCO ThAbd  3.0  B31f,Unknown
1638,ONCO ThAbd  3.0  B70f,Unknown
1639,ONCO ThAbd  1.5  B70f,Unknown
1640,ONCO ThAbd  3.0  SPO  cor  cor,Unknown
1641,ONCO ThAbd  3.0  SPO  sag  sag,Unknown
1642,,Unknown
1643,,Unknown
1649,Topogram  1.2  T20s,Unknown
1650,Abdomen  5.0  B31f,Unknown
1651,3D WB AC,Unknown
1652,3D WB NAC,Unknown
1653,CT STAND RECO,Unknown
1654,,Unknown
1655,,Unknown
1656,,Unknown
1657,ABDOMEN 2/2,Unknown
1658,"MPR, COR 5/5, Coronal",Unknown
1659,MPR COR ABD,Unknown
1660,ABD 5 MM,Unknown
1661,SCANOGRAM,Unknown
1662,locator,Unknown
1663,,Unknown
1664,,Unknown
1665,,Unknown
1666,,Unknown
1667,,Unknown
1668,,Unknown
1669,,Unknown
1670,,Unknown
1671,Topogram  1.0  T20s,Unknown
1672,Th.abd.alg  5.0  B31f,Unknown
1673,Th.abd.alg  5.0  B70f,Unknown
1674,,Unknown
1675,,Unknown
1676,,Unknown
1677,,Unknown
1678,ABD. 5MM,Unknown
1679,"MPR, COR 5/5, Coronal",Unknown
1680,,Unknown
1681,Thx Med/Abd 5/5,Unknown
1682,"MPR, Thx Long 5/5, Axial",Unknown
1683,"MPR, Thx 5/4, Coronal",Unknown
1684,"MPR, Thx 5/4, Sagittal",Unknown
1685,"MPR, Abd 5/4, Coronal",Unknown
1686,"MPR, Abd 5/4, Sagittal",Unknown
1687,,Unknown
1688,THORAX 2/2,Unknown
1689,ABDOMEN 2/2,Unknown
1690,ABDOMEN 2/2,Unknown
1691,COR,Unknown
1692,"MPR, COR 5/5, Coronal",Unknown
1693,"MPR, COR 5/5, Coronal",Unknown
1694,"MPR, COR 5/5, Coronal",Unknown
1695,Topogram  1.0  T20s,Unknown
1697,Onco thor/abd  5.0  B31f,Unknown
1699,Onco thor/abd  5.0  B70f,Unknown
1700,,Unknown
1701,,Unknown
1702,,Unknown
1703,,Unknown
1704,,Unknown
1705,,Unknown
1706,,Unknown
1707,,Unknown
1708,,Unknown
1709,,Unknown
1710,,Unknown
1711,,Unknown
1712,,Unknown
1713,,Unknown
1714,,Unknown
1715,,Unknown
1716,,Unknown
1717,,Unknown
1718,,Unknown
1719,,Unknown
1720,,Unknown
1721,,Unknown
1722,,Unknown
1723,,Unknown
1724,,Unknown
1725,,Unknown
1726,,Unknown
1727,,Unknown
1728,,Unknown
1729,,Unknown
1730,,Unknown
1731,,Unknown
1732,,Unknown
1733,,Unknown
1734,,Unknown
1735,,Unknown
1736,,Unknown
1737,,Unknown
1738,,Unknown
1739,,Unknown
1740,,Unknown
1741,,Unknown
1742,,Unknown
1743,,Unknown
1744,,Unknown
1745,,Unknown
1746,,Unknown
1747,,Unknown
1748,,Unknown
1749,,Unknown
1750,,Unknown
1751,,Unknown
1752,,Unknown
1753,,Unknown
1754,,Unknown
1755,,Unknown
1756,,Unknown
1757,,Unknown
1758,,Unknown
1759,,Unknown
1760,,Unknown
1761,,Unknown
1762,,Unknown
1763,,Unknown
1764,,Unknown
1765,,Unknown
1766,,Unknown
1767,,Unknown
1768,,Unknown
1769,,Unknown
1770,,Unknown
1774,Topogram  1.0  T20s,Unknown
1775,Th. Tumor  5.0  B31f,Unknown
1776,Th. Tumor  5.0  B70f,Unknown
1777,Th. Tumor  3.0  SPO  sag,Unknown
1778,SURVIEW,Unknown
1779,"MPR, THORAX AX 2/2, Axial",Unknown
1780,"MPR, THORAX COR 5/5, Coronal",Unknown
1781,"MPR, LONG AX 2/2, Axial",Unknown
1782,Topogram  0.6  T20s,Unknown
1783,Abd. algemeen  3.0  B31f,Unknown
1784,,Unknown
1785,,Unknown
1786,,Unknown
1787,,Unknown
1788,,Unknown
1789,,Unknown
1790,Topogram,Unknown
1791,Abdomen 6.0 B40s,Unknown
1792,Abdomen 6.0 B40s,Unknown
1793,Abdomen 6.0 B40s,Unknown
1794,Abdomen 6.0 B40s,Unknown
1795,Topogram,Unknown
1796,Thx-abd alg  5.0 B30f,Unknown
1797,Thx-abd alg  5.0 B70f,Unknown
1798,Scanogram,Unknown
1799,Thorax 3mm,Unknown
1800,Abd 5.0 mm,Unknown
1801,"MPR, MPR ax 3/3, Axial",Unknown
1802,"MPR, TH cor 3 mm, Coronal",Unknown
1803,"MPR, TH sag 5mm, Sagittal",Unknown
1804,"MPR, abd cor 3 mm, Coronal",Unknown
1805,"MPR, abd sag 5 mm, Sagittal",Unknown
1806,,Unknown
1807,,Unknown
1808,,Unknown
1809,,Unknown
1810,,Unknown
1811,,Unknown
1812,,Unknown
1813,,Unknown
1814,Topogram  0.6  T20s,Unknown
1815,ONCO Th/Abd.  3.0  B31f,Unknown
1816,ONCO Th/Abd.  1.5  B31f,Unknown
1817,ONCO Th/Abd.  3.0  B70f,Unknown
1818,ONCO Th/Abd.  1.5  B70f,Unknown
1819,ONCO Th/Abd.  3.0  SPO,Unknown
1820,ONCO Th/Abd.  3.0  SPO  sag,Unknown
1821,TopoAbdomen  1.0  Tr20,Unknown
1822,VPCT   4D CTA Lever  5.0  Br32 1,Unknown
1823,VPCT   4D CTA Lever  5.0  Br32 2,Unknown
1824,VPCT   4D CTA Lever  5.0  Br32 3,Unknown
1825,VPCT   4D CTA Lever  5.0  Br32 4,Unknown
1826,VPCT   4D CTA Lever  5.0  Br32 5,Unknown
1827,VPCT   4D CTA Lever  0.75  Br32,Unknown
1828,Body 5.0 CE,Unknown
1829,C+ Lung 5.0 CE,Unknown
1830,C+ Body 3.0 CE,Unknown
1831,C+ Lung 5.0 CE,Unknown
1832,C+ Body 5.0 CE,Unknown
1833,Topogram  1.0  T20s,Unknown
1834,Th.abd.alg  5.0  B31f,Unknown
1835,Th.abd.alg  5.0  B70f,Unknown
1836,TopoTorAbd  1.0  Tx60,Unknown
1837,D80 Onco ThAb  3.0  Br40  3,Unknown
1838,D80 Onco ThAb  3.0  Br40  3,Unknown
1839,D80 Onco ThAb  3.0  MPR  sag,Unknown
1840,FOV th-abd  D80 Onco ThAb  3.0  Bl57  3,Unknown
1841,D80 Onco ThAb  1.0  Bl57  3,Unknown
1842,D80 Onco ThAb  8.0  MIP  ax,Unknown
1843,Topogram  0.6  T20s,Unknown
1848,CT Surview 180,Unknown
1849,THORAX,Unknown
1850,THORAX,Unknown
1851,THORAX LONG,Unknown
1852,ABDOMEN,Unknown
1853,ABDOMEN+C,Unknown
1854,"MPR, ABDOMEN+C, Coronal",Unknown
1855,Topogram  1.0  T20s,Unknown
1856,3F Panc. zk  5.0  B31f,Unknown
1859,Topogram,Unknown
1864,,Unknown
1865,Thx Med/Abd 5/5,Unknown
1866,AX 5/4,Unknown
1867,COR 5/4,Unknown
1868,SAG 5/4,Unknown
1869,"MPR, Thx Long 5/5, Axial",Unknown
1870,"MPR, Thx 5/4, Coronal",Unknown
1871,"MPR, Thx 5/4, Sagittal",Unknown
1872,DualScano,Unknown
1873,"Mediast axial , iDose (2)",Unknown
1874,Mediast coronal,Unknown
1875,Mediast sagittal,Unknown
1876,Long axial,Unknown
1877,Scanogram,Unknown
1879,locator,Unknown
1882,laat  5.0 mm,Unknown
1886,"MPR, Cor 3/3 laat, Coronal",Unknown
1887,Topogram,Unknown
1888,Thx-tumor 5.0 B30f,Unknown
1889,Thx-tumor 5.0 B70f,Unknown
1890,Thx-tumor 3.0 B40f,Unknown
1891,MPR SAG<MPR Range>,Unknown
1892,Scanogram,Unknown
1893,Thorax 3mm,Unknown
1894,Abd 5.0 mm,Unknown
1895,"MPR, MPR ax 3/3, Axial",Unknown
1896,"MPR, TH cor 3 mm, Coronal",Unknown
1897,"MPR, TH sag 5mm, Sagittal",Unknown
1898,"MPR, abd cor 3 mm, Coronal",Unknown
1899,"MPR, abd sag 5 mm, Sagittal",Unknown
1900,Topogram  1.2  T20s,Unknown
1901,Onco th/abd  3.0  B31f,Unknown
1902,Onco th/abd  3.0  B70f,Unknown
1903,Onco th/abd  1.5  B70f,Unknown
1904,MPR Cor,Unknown
1905,MPR Sag,Unknown
1906,SURVIEW,Unknown
1907,ABDOMEN 5/5,Unknown
1908,ABDOMEN 0.9/0.7,Unknown
1909,ABDOMEN LAAT 5/5,Unknown
1910,ABD. LAAT .9/.7,Unknown
1911,"MPR, COR 5/5, Coronal",Unknown
1912,"MPR, SAG 5/5, Sagittal",Unknown
1913,Scanogram,Unknown
1914,Thorax 3mm,Unknown
1915,Abd 5.0 mm,Unknown
1916,"MPR, MPR ax 3/3, Axial",Unknown
1917,"MPR, TH cor 3 mm, Coronal",Unknown
1918,"MPR, TH sag 5mm, Sagittal",Unknown
1919,"MPR, abd cor 3 mm, Coronal",Unknown
1920,"MPR, abd sag 5 mm, Sagittal",Unknown
1921,Topogram  1.0  T20s,Unknown
1926,p658s0_wb_nac.img: 3D-RAMLA,Unknown
1927,p658s0_wb_ctac.img: LOR-RAMLA,Unknown
1928,"MPR, COR 5/5",Unknown
1929,ABD. 5MM,Unknown
1930,Body-Low Dose CT,Unknown
1931,,Unknown
1932,"MPR, COR 5/5, Coronal",Unknown
1934,,Unknown
1936,DualScano,Unknown
1937,"Abd Axial, iDose (2)",Unknown
1944,2,Unknown
1945,5.0 CE Venous/Phase  Body,PVP
1946,5.0 CE Venous/Phase  Lung,PVP
1947,5.0 CE Venous/Phase/Coronal Coronal Body,PVP
1948,5.0 CE Venous/Phase/Sagittal Sagittal Body,PVP
1949,Topogram  1.0  T20s,Unknown
1950,Onco thor/abd  5.0  B31f,Unknown
1951,Onco thor/abd  5.0  B70f,Unknown
1952,Onco thor/abd  2.0  B70f,Unknown
1953,Topogram  1.0  T20s,Unknown
1954,Th.abd.alg  5.0  B31f,Unknown
1955,Th.abd.alg  5.0  B70f,Unknown
1956,Topogram  0.6  T20s,Unknown
1957,Tho  Thorax lever  5.0  B31f,Unknown
1958,Lun  Thorax lever  5.0  B70f,Unknown
1959,MPR  Thorax lever  3.0  SPO  cor,Unknown
1960,MPR  Thorax lever  3.0  SPO  cor,Unknown
1961,Mip Thorax   8.0  MIP  ax,Unknown
1962,Abdomen  3.0  SPO,Unknown
1963,Abdomen  5.0  B30f,Unknown
1964,Topogram  0.6  T20s,Unknown
1965,Tho  Thorax lever  5.0  B31f,Unknown
1966,Lun  Thorax lever  5.0  B70f,Unknown
1967,MPR  Thorax lever  3.0  SPO  cor,Unknown
1968,MPR  Thorax lever  3.0  SPO  cor,Unknown
1969,Mip Thorax   8.0  MIP  ax,Unknown
1970,Abdomen  3.0  SPO,Unknown
1971,Abdomen  5.0  B30f,Unknown
1972,"MPR, COR 5/5, Coronal",Unknown
1973,THORAX 5/5,Unknown
1974,ABD. 5/5,Unknown
1975,5/5  LS,Unknown
1976,,Unknown
1977,Topogram,Unknown
1982,,Unknown
1983,,Unknown
1984,,Unknown
1985,,Unknown
1986,,Unknown
1987,,Unknown
1988,,Unknown
1989,,Unknown
1990,Topogram  1.0  T20s,Unknown
1992,Abd algemeen  5.0  B31f,Unknown
1993,Topogram  1.0  T20s,Unknown
1995,Abd algemeen  5.0  B31f,Unknown
1996,Topogram  0.6  T20s,Unknown
1997,Thorax  5.0  B31f,Unknown
1998,Abdomen  5.0  B31s,Unknown
1999,Abdomen  3.0  SPO COR cor,Unknown
2000,,Unknown
2001,THORAX 2/2,Unknown
2002,ABDOMEN 2/2,Unknown
2003,"MPR, COR 5/5, Coronal",Unknown
2004,"MPR, COR 5/5, Coronal",Unknown
2005,,Unknown
2006,,Unknown
2007,,Unknown
2008,,Unknown
2009,,Unknown
2010,,Unknown
2011,,Unknown
2012,,Unknown
2013,,Unknown
2014,,Unknown
2015,SURVIEW,Unknown
2016,LOCATOR,Unknown
2021,Topogram  0.6  T20s,Unknown
2027,Topogram  0.6  Tr20,Unknown
2028,Onco ThAbd 3.0  Br40  3,Unknown
2029,Onco ThAbd  3.0  Bl64  3,Unknown
2030,Onco ThAbd  1.0  Bl64  3,Unknown
2031,D80 Onco ThAb  3.0  MPR  cor,Unknown
2032,D80 Onco ThAb  3.0  MPR  sag,Unknown
2033,"MPR, 5/4 PVP, Coronal",Unknown
2034,"MPR, 5/4 PVP, Sagittal",Unknown
2035,"THX EXP 1,25 MM",Unknown
2036,THX LONG 1.4 MM,Unknown
2037,SCANOGRAM,Unknown
2038,THX MED 5 MM,Unknown
2039,MPR COR LONG,Unknown
2040,"THX EXP 1,25 MM",Unknown
2041,MPR COR ABD,Unknown
2042,"ABD 0,9 MM",Unknown
2043,SCANOGRAM,Unknown
2044,ABD 5 MM,Unknown
2045,Topogram,Unknown
2046,Thx-abd  5.0 B30f,Unknown
2047,Thx-abd  5.0 B70f,Unknown
2048,MPR SAG MPR Range,Unknown
2049,Topogram  0.6  T20s,Unknown
2050,Topogram  0.6  T20s,Unknown
2051,Topogram  0.6  T20s,Unknown
2052,CT_Thorax Lung 5.0  SPO,Unknown
2053,Topogram  0.6  T20s,Unknown
2054,CT_Abdomen  5.0  SPO  cor,Unknown
2055,CT_Abdomen  5.0  SPO  sag,Unknown
2056,Body 5.0 CE,Unknown
2057,C+ Lung 5.0 CE,Unknown
2058,C+ Body 3.0 CE,Unknown
2059,C+ Lung 5.0 CE,Unknown
2060,C+ Body 5.0 CE,Unknown
2061,,Unknown
2062,,Unknown
2063,,Unknown
2064,,Unknown
2065,,Unknown
2066,Topogram  0.6  T20s,Unknown
2067,Thorax  5.0  B31f,Unknown
2068,Thorax  5.0  B70f,Unknown
2069,Thorax  5.0  SPO  sag,Unknown
2070,Abdomen  5.0  B31s,Unknown
2071,Abdomen  5.0  SPO COR,Unknown
2072,Topogram  0.6  T20s,Unknown
2073,ONCO ThAbd  3.0  B31f,Unknown
2074,ONCO ThAbd  3.0  B70f,Unknown
2075,ONCO ThAbd  1.5  B70f,Unknown
2076,ONCO ThAbd  3.0  SPO  cor  cor,Unknown
2077,ONCO ThAbd  3.0  SPO  sag  sag,Unknown
2078,SURVIEW,Unknown
2079,"MPR, THX/ABD AX2/2, Axial",Unknown
2080,"MPR, THX/ABD COR5/5, Coronal",Unknown
2081,"MPR, LONG AX 2/2",Unknown
2082,Scanogram,Unknown
2083,Thorax 3mm,Unknown
2084,Abd 5.0 mm,Unknown
2085,"MPR, LS ax 3/3, Axial",Unknown
2086,"MPR, TH cor 3 mm, Coronal",Unknown
2087,"MPR, TH sag 5 mm, Sagittal",Unknown
2088,"MPR, abd cor 3 mm, Coronal",Unknown
2089,"MPR, abd sag 5 mm, Sagittal",Unknown
2090,,Unknown
2091,ABD. 5MM,Unknown
2092,"MPR, COR 5/5, Coronal",Unknown
2093,,Unknown
2094,THORAX 5/5,Unknown
2095,5/5 LS,Unknown
2096,Topogram,Unknown
2101,Topogram  1.0  T20s,Unknown
2103,Onco thor/abd  5.0  B31f,Unknown
2104,Onco thor/abd  5.0  B70f,Unknown
2105,DualScano,Unknown
2106,"Abd Axial, iDose (2)",Unknown
2113,"Long axial, iDose (2)",Unknown
2114,"Thx/Abd Axial, iDose (3)",Unknown
2115,"Thx/Abd Coronal, iDose (3)",Unknown
2116,"Thx/Abd Sagittal, iDose (3)",Unknown
2117,"Long Axial, iDose (3)",Unknown
2118,2,Unknown
2119,5.0 CE Venous/Phase  Body,PVP
2120,5.0 CE Venous/Phase  Lung,PVP
2121,5.0 CE Venous/Phase/Coronal Coronal Body,PVP
2122,5.0 CE Venous/Phase/Sagittal Sagittal Body,PVP
2123,2,Unknown
2124,5.0 CE Venous/Phase  Body,PVP
2125,5.0 CE Venous/Phase  Lung,PVP
2126,5.0 CE Venous/Phase/Coronal Coronal Body,PVP
2127,5.0 CE Venous/Phase/Sagittal Sagittal Body,PVP
2128,Topogram,Unknown
2129,Thx-lever 5.0 B30f,Unknown
2130,Thx-lever 5.0 B70f,Unknown
2131,MPR SAG MPR Range,Unknown
2132,Topogram  1.0  T20s,Unknown
2133,Th.abd.alg  5.0  B31f,Unknown
2134,Th.abd.alg  5.0  B70f,Unknown
2135,,Unknown
2136,,Unknown
2137,SCANOGRAM,Unknown
2138,SCANOGRAM,Unknown
2139,SCANOGRAM,Unknown
2140,SCANOGRAM,Unknown
2141,SCANOGRAM,Unknown
2142,MPR COR ABD,Unknown
2143,locator,Unknown
2144,MPR COR ABD,Unknown
2145,SCANOGRAM,Unknown
2146,MPR COR MED,Unknown
2147,MPR SAG ABD,Unknown
2148,locator,Unknown
2149,locator,Unknown
2150,THX LONG 3 MM,Unknown
2151,MPR COR LONG,Unknown
2152,Topogram  0.6  T20s,Unknown
2153,ONCO Th/Abd.  3.0  B31f,Unknown
2154,ONCO Th/Abd.  3.0  B70f,Unknown
2155,ONCO Th/Abd.  1.5  B70f,Unknown
2156,Topogram  0.6  T20s,Unknown
2157,ONCO ThAbd  3.0  B31f,Unknown
2158,ONCO ThAbd  3.0  B70f,Unknown
2159,ONCO ThAbd  1.5  B70f,Unknown
2160,ONCO ThAbd  3.0  SPO,Unknown
2161,ONCO ThAbd  8.0  MIP  ax  ax,Unknown
2162,ONCO ThAbd  3.0  SPO  cor  cor,Unknown
2163,Scanogram,Unknown
2164,Abd 5.0 mm,Unknown
2165,"MPR, Cor 3 mm, Coronal",Unknown
2166,"MPR, Sag 5mm, Sagittal",Unknown
2167,,Unknown
2168,Thx Med/Abd 5/5,Unknown
2169,"MPR, Thx Long 5/5, Axial",Unknown
2170,"MPR, Thx 5/4, Coronal",Unknown
2171,"MPR, Thx 5/4, Sagittal",Unknown
2172,"MPR, Abd 5/4, Coronal",Unknown
2173,"MPR, Abd 5/4, Sagittal",Unknown
2174,,Unknown
2175,,Unknown
2176,,Unknown
2177,Topogram  1.0  T20s,Unknown
2179,Onco thor/abd  5.0  B31f,Unknown
2181,Onco thor/abd  5.0  B70f,Unknown
2182,Small Part,Unknown
2183,Topogram  0.6  T20f,Unknown
2184,zc 3F-lever  3.0  B31f,Unknown
2186,D70 3F Lever  3.0  B31f,Unknown
2189,D70 3F Lever  1.0  B31f S&T,Unknown
2190,SURVIEW,Unknown
2191,"THX/ABD AX3/3, iDose (3)",Unknown
2192,"THX/ABD COR 3/3, iDose (3)",Unknown
2193,"THX/ABD SAG3/3, iDose (3)",Unknown
2194,"LONG AX 3/3, iDose (3)",Unknown
2195,,Unknown
2196,,Unknown
2197,,Unknown
2198,,Unknown
2199,,Unknown
2200,,Unknown
2201,,Unknown
2202,,Unknown
2203,,Unknown
2204,,Unknown
2205,,Unknown
2206,,Unknown
2207,,Unknown
2208,,Unknown
2209,ECHO BUIKORG,Unknown
2210,,Unknown
2211,,Unknown
2212,,Unknown
2213,,Unknown
2214,,Unknown
2215,Scanogram,Unknown
2216,Thorax 3mm,Unknown
2217,Abd 5.0 mm,Unknown
2218,Thorax 3mm LS,Unknown
2219,"MPR, Cor 3 mm, Coronal",Unknown
2220,"MPR, Sag 5 mm, Sagittal",Unknown
2221,"MPR, Cor 3 mm, Coronal",Unknown
2222,"MPR, MPR Sag 5 mm, Sagittal",Unknown
2223,Scanogram,Unknown
2224,Thorax 3mm,Unknown
2225,Abd 5.0 mm,Unknown
2226,Thorax 3mm LS,Unknown
2227,"MPR, Cor 3 mm, Coronal",Unknown
2228,"MPR, Sag 5 mm, Sagittal",Unknown
2229,"MPR, Cor 3 mm, Coronal",Unknown
2230,"MPR, MPR Sag 5 mm, Sagittal",Unknown
2231,,Unknown
2233,Abd 5/5,Unknown
2234,"MPR, 5/4, Coronal",Unknown
2235,"MPR, 5/4, Sagittal",Unknown
2236,,Unknown
2239,PVP 5/5,PVP
2240,Late fase 5 Min,PVP
2241,"MPR, 5/4 PVP, Coronal",PVP
2242,"MPR, 5/4 PVP, Sagittal",PVP
2243,Topogram  0.6  T20s,Unknown
2247,th abd  3.0  B31f,Unknown
2248,th abd  1.5  B70f Tera,Unknown
2249,th abd  3.0  B70f Tera,Unknown
2250,th abd  1.5  SPO  cor Tera,Unknown
2251,th abd  1.5  SPO  sag Tera,Unknown
2252,2,Unknown
2253,5.0 CE Venous/Phase  Body,PVP
2254,5.0 CE Venous/Phase/Coronal Coronal Body,PVP
2255,5.0 CE Venous/Phase/Sagittal Sagittal Body,PVP
2256,Topogram  0.6  T20s,Unknown
2257,ONCO ThAbd  3.0  B31f,Unknown
2258,ONCO ThAbd  3.0  B70f,Unknown
2259,ONCO ThAbd  1.5  B70f,Unknown
2260,ONCO ThAbd  3.0  SPO  cor  cor,Unknown
2261,ONCO ThAbd  3.0  SPO  sag  sag,Unknown
2262,,Unknown
2263,,Unknown
2264,,Unknown
2265,,Unknown
2266,,Unknown
2267,,Unknown
2268,CT Spiral LD 5.0 B30s,Unknown
2269,PET WB-uncorrected,Unknown
2270,PET WB,Unknown
2271,PET WB-uncorrected [Single range],Unknown
2272,PET WB [Single range],Unknown
2273,,Unknown
2274,ABDOMEN 2/2,Unknown
2275,"MPR, COR 5/5, Coronal",Unknown
2276,2,Unknown
2277,Body 5.0 CE,Unknown
2278,Body 5.0 CE,Unknown
2279,Body 5.0 CE,Unknown
2280,Scout,Unknown
2281,Std,Unknown
2282,Long,Unknown
2283,Long 2.5mm,Unknown
2284,axiaal 2 5mm,Unknown
2285,Topogram  0.6  T20f,Unknown
2286,Onco ThAbd  3.0  I40f  3,Unknown
2287,Onco ThAbd  3.0  I70f  3,Unknown
2288,Onco ThAbd  1.0  I70f  3,Unknown
2289,Onco ThAbd  1.0  B70f,Unknown
2290,Onco ThAbd  3.0  MPR  cor,Unknown
2291,Onco ThAbd  3.0  MPR  sag,Unknown
2292,2,Unknown
2293,Body 5.0 CE,Unknown
2294,Lung 5.0 CE,Unknown
2295,Body 5.0 CE,Unknown
2296,Body 5.0 CE,Unknown
2297,SURVIEW,Unknown
2298,"MPR, ABDOMEN AX2/2, Axial",Unknown
2299,"MPR, ABDOMEN COR5/5, Coronal",Unknown
2300,Topogram,Unknown
2301,Abd. alg. 5.0 B30f,Unknown
2302,Abd. alg. 5.0 B70f,Unknown
2303,Topogram  1.0  T20s,Unknown
2304,3F Lever zk  5.0  B31f,Unknown
2308,Topogram  0.6  T20s,Unknown
2309,Thorax  5.0  B31f,Unknown
2310,Thorax  5.0  B70f,Unknown
2311,Thorax  5.0  SPO  sag,Unknown
2312,Abdomen  5.0  B31s,Unknown
2313,Abdomen  5.0  SPO COR,Unknown
2314,SCOUT,Unknown
2315,ABDOMEN +C,Unknown
2316,ABD CORONAAL 5 MM,Unknown
2317,,Unknown
2318,,Unknown
2319,,Unknown
2320,,Unknown
2321,,Unknown
2322,Topogram  0.6  T20s,Unknown
2326,Topogram,Unknown
2327,Thx/Abd   c.m 4.0 B40f,Unknown
2328,Thx/Abd   c.m 4.0 B60f,Unknown
2329,Thx/Abd   c.m 4.0 B40f,Unknown
2330,Echo aorta,Unknown
2331,B.O.Z. liggend,Unknown
2332,Thorax lat,Unknown
2333,Bed thorax,Unknown
2334,Thorax PA,Unknown
2335,Topogram  1.0  T20s,Unknown
2336,Topogram  1.0  T20s,Unknown
2337,Abdomen  2.0  B31f,Unknown
2338,Abdomen  2.0  B31f,Unknown
2340,Lever 30 sec  2.0  B31f,Unknown
2341,Lever 60 sec  2.0  B31f,Unknown
2342,Lever 300 sec  2.0  B31f,Unknown
2343,mpr cor 5/5,Unknown
2344,mpr sag 5/5,Unknown
2345,mip lever axiaal,Unknown
2347,D70 Onco ThAb  3.0  Br40  3,Unknown
2348,D70 Onco ThAb  3.0  MPR  cor,Unknown
2349,D70 Onco ThAb  3.0  MPR  sag,Unknown
2350,D70 Onco ThAb  3.0  Bl57  3,Unknown
2351,D70 Onco ThAb  1.0  Bl57  3,Unknown
2352,D70 Onco ThAb  8.0  MIP  ax,Unknown
2353,,Unknown
2354,,Unknown
2355,,Unknown
2356,,Unknown
2357,,Unknown
2358,,Unknown
2359,Topo  lang,Unknown
2360,Topo  lang,Unknown
2362,Thorax 5/5 +C 5.0 B40s,Unknown
2363,Abdomen +C 5.0 B40s,Unknown
2364,Thorax 5/5 +C 5.0 B80s,Unknown
2365,Topogram  1.0  T20s,Unknown
2366,3F Lever zk  5.0  B31f,Unknown
2372,Topogram,Unknown
2379,t2_tse_tra,Unknown
2380,t2_tse_tra,Unknown
2381,t1_se_tra,Unknown
2382,t1_se_tra,Unknown
2383,t2_tse_sag,Unknown
2384,t2_tse_sag,Unknown
2385,t2_tse_cor,Unknown
2386,t2_tse_cor,Unknown
2387,t1_se_tra,Unknown
2388,t1_se_tra,Unknown
2389,PosDisp: [2] t2_tse_tra,Unknown
2390,PosDisp: [5] t2_tse_sag,Unknown
2391,W Thorax PA,Unknown
2392,W Thorax LAT,Unknown
2393,Topogram  1.0  T20s,Unknown
2395,Lever 30 sec  2.0  B31f,Unknown
2396,Lever 60 sec  2.0  B31f,Unknown
2397,Lever 300 sec  2.0  B31f,Unknown
2398,,Unknown
2399,Thx 5/5 Med.,Unknown
2400,Abd 5/5,Unknown
2401,Thx 5/5 Long,Unknown
2402,"MPR, 5/4 Med, Sagittal",Unknown
2403,"MPR, 5/4 Med, Coronal",Unknown
2404,"MPR, 5/4 Abd, Coronal",Unknown
2405,"MPR, 5/4 Abd, Sagittal",Unknown
2406,Body-Low Dose CT,Unknown
2407,2.0  FL03,Unknown
2412,p1079s0_wb_nac.img: 3D-RAMLA,Unknown
2413,p1079s0_wb_ctac.img: LOR-RAMLA,Unknown
2414,Topogram,Unknown
2417,Thx/Abdport.f. 5.0 B10f,Unknown
2418,Thx/Abdport.f. 5.0 B70f,Unknown
2419,mpr sag MPR Range,Unknown
2420,Scanogram,Unknown
2421,Thorax 3mm,Unknown
2422,Abd 5.0 mm,Unknown
2423,"MPR, MPR ax 3/3, Axial",Unknown
2424,"MPR, TH cor 3 mm, Coronal",Unknown
2425,"MPR, TH sag 5mm, Sagittal",Unknown
2426,"MPR, abd cor 3 mm, Coronal",Unknown
2427,"MPR, abd sag 5 mm, Sagittal",Unknown
2428,Topogram  1.0  T20s,Unknown
2429,Algemeen  8.0  B31f,Unknown
2430,Topogram,Unknown
2431,Th. tumor 5.0 B30f,Unknown
2432,Th. tumor 5.0 B70f,Unknown
2433,Topogram  0.6  T20s,Unknown
2434,ONCO Th/Abd.  3.0  B31f,Unknown
2435,ONCO Th/Abd.  3.0  B70f,Unknown
2436,ONCO Th/Abd.  1.5  B70f,Unknown
2437,ONCO Th/Abd.  3.0  B31f,Unknown
2438,ONCO Th/Abd.  3.0  B70f,Unknown
2439,ONCO Th/Abd.  1.5  B70f,Unknown
2440,ONCO Th/Abd.  3.0  SPO  cor,Unknown
2441,ONCO Th/Abd.  3.0  SPO  sag,Unknown
2442,Topogram  0.6  T20f,Unknown
2443,D70 Onco ThAb  3.0  I40f  3,Unknown
2444,D70 Onco ThAb  3.0  I70f  3,Unknown
2445,D70 Onco ThAb  1.0  I70f  3,Unknown
2446,iMAR D70 Onco ThAb  3.0  I40f  3   iMAR,Unknown
2447,D70 Onco ThAb  3.0  MPR  cor,Unknown
2448,D70 Onco ThAb  3.0  MPR  sag,Unknown
2449,Topogram  1.0  T20s,Unknown
2450,3F Lever zk  5.0  B31f,Unknown
2454,Scanogram,Unknown
2455,Thorax 5mm,Unknown
2456,Abd 5.0 mm,Unknown
2457,"MPR, LS ax 3/3, Axial",Unknown
2458,"MPR, Cor 3 mm, Coronal",Unknown
2459,"MPR, Cor 3 mm, Coronal",Unknown
2460,"MPR, MPR Sag 5 mm, Sagittal",Unknown
2461,Topogram  1.0  T20s,Unknown
2463,Lever 30 sec  2.0  B31f,Unknown
2464,Lever 60 sec  2.0  B31f,Unknown
2465,2.0  FL03,Unknown
2472,Scanogram,Unknown
2473,Thorax 3mm,Unknown
2474,Abd 5.0 mm,Unknown
2475,"MPR, LS ax 3/3, Axial",Unknown
2476,"MPR, TH cor 3 mm, Coronal",Unknown
2477,"MPR, TH sag 5 mm, Sagittal",Unknown
2478,"MPR, abd cor 3 mm, Coronal",Unknown
2479,"MPR, abd sag 5 mm, Sagittal",Unknown
2480,Scanogram,Unknown
2481,Thorax 3mm,Unknown
2482,Abd 5.0 mm,Unknown
2483,"MPR, MPR ax 3/3, Axial",Unknown
2484,"MPR, TH cor 3 mm, Coronal",Unknown
2485,"MPR, TH sag 5mm, Sagittal",Unknown
2486,"MPR, abd cor 3 mm, Coronal",Unknown
2487,"MPR, abd sag 5 mm, Sagittal",Unknown
2488,Topogram  0.6  T20s,Unknown
2489,ONCO Th/Abd.  3.0  B31f,Unknown
2490,ONCO Th/Abd.  3.0  B70f,Unknown
2491,ONCO Th/Abd.  1.5  B70f,Unknown
2492,ONCO Th/Abd.  3.0  SPO  cor,Unknown
2493,ONCO Th/Abd.  3.0  SPO  sag,Unknown
2494,Topogram  0.6  T20s,Unknown
2495,Thorax lever mediastinum  5.0  B31f,Unknown
2496,Thorax lever long 5.0  B70f,Unknown
2497,Thorax lever mediastinum  2.0  B31f,Unknown
2498,MPR  Thorax lever  3.0  SPO,Unknown
2499,MPR  Thorax lever  3.0  SPO  cor,Unknown
2500,MPR  Thorax lever  8.0  SPO  ax,Unknown
2501,Abdomen  5.0  B30f,Unknown
2502,Abdomen  3.0  SPO,Unknown
2503,Scanogram,Unknown
2504,Thorax 3mm,Unknown
2505,"MPR, LS ax 3/3, Axial",Unknown
2506,"MPR, TH cor 3 mm, Coronal",Unknown
2507,"MPR, TH sag 5mm, Sagittal",Unknown
2508,,Unknown
2509,ABDOMEN 2/2,Unknown
2510,"MPR, COR 5/5, Coronal",Unknown
2511,,Unknown
2514,PVP 5/5,PVP
2515,Thx 5/5 Long,Unknown
2516,Late fase 5 Min,Unknown
2517,"MPR, Thx 5/4 Med., Coronal",Unknown
2518,"MPR, Thx 5/4 Med., Sagittal",Unknown
2519,"MPR, 5/4 PVP, Coronal",Unknown
2520,"MPR, 5/4 PVP, Sagittal",Unknown
2521,Topogram  0.6  T20s,Unknown
2522,ONCO ThAbd  3.0  B31f,Unknown
2523,ONCO ThAbd  3.0  B70f,Unknown
2524,ONCO ThAbd  1.5  B70f,Unknown
2525,ONCO ThAbd  3.0  SPO  cor  cor,Unknown
2526,ONCO ThAbd  3.0  SPO  sag  sag,Unknown
2527,2,Unknown
2528,Body 5.0 CE,Unknown
2529,Body 3.0 CE,Unknown
2530,,Unknown
2531,"ABD. 5MM, iDose (3)",Unknown
2532,"COR 5/5, iDose (3)",Unknown
2533,,Unknown
2536,"MPR, COR 5/5, Coronal",Unknown
2537,Scanogram,Unknown
2539,Thorax 3mm,Unknown
2540,Abd 5.0 mm,Unknown
2541,"MPR, Cor 3 mm, Coronal",Unknown
2542,"MPR, sag 5 mm, Sagittal",Unknown
2543,"MPR, MPR ax 3/3, Axial",Unknown
2544,"MPR, TH cor 3 mm, Coronal",Unknown
2545,"MPR, TH sag 5mm, Sagittal",Unknown
2548,Topogram  0.6  T20f,Unknown
2549,Lun  ThorAbd  1.0  I41f  3,Unknown
2550,Abd  ThorAbd  2.0  I41f  3,Unknown
2551,Lun  ThorAbd  5.0  I41f  3,Unknown
2552,MPR  ThorAbd  2.0  MPR,Unknown
2553,MPR  ThorAbd  2.0  MPR  sag,Unknown
2554,Topogram  0.6  T20s,Unknown
2555,Abdomen  5.0  B30f,Unknown
2556,Topogram  0.6  T20s,Unknown
2557,Abdomen   5.0  B30f,Unknown
2558,Abdomen   5.0  SPO  cor,Unknown
2559,Abdomen   5.0  SPO  sag,Unknown
2560,Topogram,Unknown
2563,ABDport.f. 5.0 B10f,Unknown
2564,Topogram,Unknown
2569,Topogram  1.0  T20s,Unknown
2570,Abd Algemeen  5.0  B31s,Unknown
2571,Topogram  0.6  T20f,Unknown
2572,Abdomen alg.  3.0  B31f,Unknown
2573,Abdomen alg.  3.0  MPR,Unknown
2574,Abdomen alg.  3.0  MPR  sag,Unknown
2575,Topogram,Unknown
2580,SURVIEW,Unknown
2581,"MPR, THX/ABD AX2/2, Axial",Unknown
2582,"MPR, THX/ABD COR5/5, Coronal",Unknown
2583,"MPR, LONG AX 2/2, Axial",Unknown
